FileName, CommitSha
Parsers/Sample/ARM/NetworkSessionCheckPoint.json,c9e15233abf15375b553d069151c81965c492153
Parsers/Sample/ARM/ProcessEventMicrosoftSysmonTerminate.json,44eaf22673fb6a2e0c4173de94ae60d7d9a82923
Parsers/Sample/ARM/ASimAuthenticationAWSCloudTrail.json,85d2a90b46d8671dc66122ddc48753ebb007a32d
Parsers/Sample/Bicep/ASimAuthenticationAWSCloudTrail.bicep,923db3c08f09807f96d2853cf14c4d13a46c5b75
Parsers/Sample/Bicep/NetworkSessionCheckPoint.bicep,eff7f2e1c0f0aa37c6bbbaac0a0dacca516cd17d
Parsers/Sample/Bicep/ASimDnsMicrosoftOMS.bicep,42f0e76860d3028a02f078635ad3f0b2f31f36ea
sentinel-deployment.config,d0176f11505175ced27cc0d3ede6f708fe7e120e
Parsers/Sample/Bicep/ProcessEventMicrosoftSysmonTerminate.bicep,ae24f3869b9051214f632569edbf12eff37bc249
Parsers/Sample/ARM/ASimDnsMicrosoftOMS.json,9318295d5790820d3861193aa4dc4a9493c40943
Parsers/Sample/ARM/FileEventMicrosoftSysmonFileCreated.json,a27fe8d001f356462492894be2280bfba30f7884
Parsers/Sample/Bicep/FileEventMicrosoftSysmonFileCreated.bicep,77a3c1a90cdce470f7de53911faecf9ce6ec6142

